{"Parameter Setup Time": 0.12058377265930176, "Key Generation Time": 0.09725308418273926, "Input File Read Time": 0.0, "Encryption Time": 0.0, "Encrypted Data Save Time": 0.017965316772460938, "Decryption Time": 0.005009651184082031, "Decrypted Data Save Time": 0.0, "Total Execution Time": 0.25493550300598145}